Simulation,Passive Learning,GSx,GSy,iGS,WiGS (Static w_x=0.25),WiGS (Static w_x=0.5),WiGS (Static w_x=0.75),"WiGS (Time-Decay, Linear)","WiGS (Time-Decay, Exponential)","WiGS (MAB-UCB1, c=0.5)","WiGS (MAB-UCB1, c=2.0)","WiGS (MAB-UCB1, c=5.0)"
0,23.74191641807556,108.39012145996094,57.273858070373535,192.7758162021637,311.5269196033478,311.86074352264404,311.77355766296387,312.5681793689728,313.2271525859833,313.1301965713501,313.09742617607117,311.6599519252777
